Calories_Consumed,Weight_Gained
1000,0.20000000000000007
1500,0.4
2000,0.6000000000000001
2500,0.8
3000,1.0
3500,1.2000000000000002
4000,1.4000000000000001
4500,1.6
5000,1.8
5500,2.0
6000,2.2
6500,2.4000000000000004
7000,2.6000000000000005
7500,2.8
8000,3.0
